# Nifty 50 (^NSEI) daily closes from Yahoo Finance, fetched 2026-10-02, for the three
# curated crash replay windows and their recoveries. prerender.py checks every
# frame in js/data/crashes.js against this file.
date,close
2007-12-03,5865.00
2007-12-04,5858.35
2007-12-05,5940.00
2007-12-06,5954.70
2007-12-07,5974.30
2007-12-10,5960.60
2007-12-11,6097.25
2007-12-12,6159.30
2007-12-13,6058.10
2007-12-14,6047.70
2007-12-17,5777.00
2007-12-18,5742.30
2007-12-19,5751.15
2007-12-20,5766.50
2007-12-24,5985.10
2007-12-26,6070.75
2007-12-27,6081.50
2007-12-28,6079.70
2007-12-31,6138.60
2008-01-01,6144.35
2008-01-02,6179.40
2008-01-03,6178.55
2008-01-04,6274.30
2008-01-07,6279.10
2008-01-08,6287.85
2008-01-09,6272.00
2008-01-10,6156.95
2008-01-11,6200.10
2008-01-14,6206.80
2008-01-15,6074.25
2008-01-16,5935.75
2008-01-17,5913.20
2008-01-18,5705.30
2008-01-21,5208.80
2008-01-22,4899.30
2008-01-23,5203.40
2008-01-24,5033.45
2008-01-25,5383.35
2008-01-28,5274.10
2008-01-29,5280.80
2008-01-30,5167.60
2008-01-31,5137.45
2008-02-01,5317.25
2008-02-04,5463.50
2008-02-05,5483.90
2008-02-06,5322.55
2008-02-07,5133.25
2008-02-08,5120.35
2008-02-11,4857.00
2008-02-12,4838.25
2008-02-13,4929.45
2008-02-14,5202.00
2008-02-15,5302.90
2008-02-18,5276.90
2008-02-19,5280.80
2008-02-20,5154.45
2008-02-21,5191.80
2008-02-22,5110.75
2008-02-25,5200.70
2008-02-26,5270.05
2008-02-27,5268.40
2008-02-28,5285.10
2008-02-29,5223.50
2008-03-03,4953.00
2008-03-04,4864.25
2008-03-05,4921.40
2008-03-07,4771.60
2008-03-10,4800.40
2008-03-11,4865.90
2008-03-12,4872.00
2008-03-13,4623.60
2008-03-14,4745.80
2008-03-17,4503.10
2008-03-18,4533.00
2008-03-19,4573.95
2008-03-24,4609.85
2008-03-25,4877.50
2008-03-26,4828.85
2008-03-27,4830.25
2008-03-28,4942.00
2008-03-31,4734.50
2008-04-01,4739.55
2008-04-02,4754.20
2008-04-03,4771.60
2008-04-04,4647.00
2008-04-07,4761.20
2008-04-08,4709.65
2008-04-09,4747.05
2008-04-10,4733.00
2008-04-11,4777.80
2008-04-15,4879.65
2008-04-16,4887.30
2008-04-17,4958.40
2008-04-21,5037.00
2008-04-22,5049.30
2008-04-23,5022.80
2008-04-24,4999.85
2008-04-25,5111.70
2008-04-28,5089.65
2008-04-29,5195.50
2008-04-30,5165.90
2008-05-02,5228.20
2008-05-05,5192.25
2008-05-06,5144.65
2008-05-07,5135.50
2008-05-08,5081.70
2008-05-09,4982.60
2008-05-12,5012.65
2008-05-13,4957.80
2008-05-14,5011.75
2008-05-15,5115.25
2008-05-16,5157.70
2008-05-20,5104.95
2008-05-21,5117.65
2008-05-22,5025.45
2008-05-23,4946.55
2008-05-26,4875.05
2008-05-27,4859.80
2008-05-28,4918.35
2008-05-29,4835.30
2008-05-30,4870.10
2008-06-02,4739.60
2008-06-03,4715.90
2008-06-04,4585.60
2008-06-05,4676.95
2008-06-06,4627.80
2008-06-09,4500.95
2008-06-10,4449.80
2008-06-11,4523.60
2008-06-12,4539.35
2008-06-13,4517.10
2008-06-16,4572.50
2008-06-17,4653.00
2008-06-18,4582.40
2008-06-19,4504.25
2008-06-20,4347.55
2008-06-23,4266.40
2008-06-24,4191.10
2008-06-25,4252.65
2008-06-26,4315.85
2008-06-27,4136.65
2008-06-30,4040.55
2008-07-01,3896.75
2008-07-02,4093.35
2008-07-03,3925.75
2008-07-04,4016.00
2008-07-07,4030.00
2008-07-08,3988.55
2008-07-09,4157.10
2008-07-10,4162.20
2008-07-11,4049.00
2008-07-14,4039.70
2008-07-15,3861.10
2008-07-16,3816.70
2008-07-17,3947.20
2008-07-18,4092.25
2008-07-21,4159.50
2008-07-22,4240.10
2008-07-23,4476.80
2008-07-24,4433.55
2008-07-25,4311.85
2008-07-28,4332.10
2008-07-29,4189.85
2008-07-30,4313.55
2008-07-31,4332.95
2008-08-01,4413.55
2008-08-04,4395.35
2008-08-05,4502.85
2008-08-06,4517.55
2008-08-07,4523.85
2008-08-08,4529.50
2008-08-11,4620.40
2008-08-12,4552.25
2008-08-13,4529.05
2008-08-14,4430.70
2008-08-18,4393.05
2008-08-19,4368.25
2008-08-20,4415.75
2008-08-21,4283.85
2008-08-22,4327.45
2008-08-25,4335.35
2008-08-26,4337.50
2008-08-27,4292.10
2008-08-28,4214.00
2008-08-29,4360.00
2008-09-01,4348.65
2008-09-02,4504.00
2008-09-04,4447.75
2008-09-05,4352.30
2008-09-08,4482.30
2008-09-09,4468.70
2008-09-10,4400.25
2008-09-11,4290.30
2008-09-12,4228.45
2008-09-15,4072.90
2008-09-16,4074.90
2008-09-17,4008.25
2008-09-18,4038.15
2008-09-19,4245.25
2008-09-22,4223.05
2008-09-23,4126.90
2008-09-24,4161.25
2008-09-25,4110.55
2008-09-26,3985.25
2008-09-29,3850.05
2008-09-30,3921.20
2008-10-01,3950.75
2008-10-03,3818.30
2008-10-06,3602.35
2008-10-07,3606.60
2008-10-08,3513.65
2008-10-10,3279.95
2008-10-13,3490.70
2008-10-14,3518.65
2008-10-15,3338.40
2008-10-16,3269.30
2008-10-17,3074.35
2008-10-20,3122.80
2008-10-21,3234.90
2008-10-22,3065.15
2008-10-23,2943.15
2008-10-24,2584.00
2008-10-27,2524.20
2008-10-29,2697.05
2008-10-31,2885.60
2008-11-03,3043.85
2008-11-04,3142.10
2008-11-05,2994.95
2008-11-06,2892.65
2008-11-07,2973.00
2008-11-10,3148.25
2008-11-11,2938.65
2008-11-12,2848.45
2008-11-14,2810.35
2008-11-17,2799.55
2008-11-18,2683.15
2008-11-19,2635.00
2008-11-20,2553.15
2008-11-21,2693.45
2008-11-24,2708.25
2008-11-25,2654.00
2008-11-26,2752.25
2008-11-28,2755.10
2008-12-01,2682.90
2008-12-02,2657.80
2008-12-03,2656.45
2008-12-04,2788.00
2008-12-05,2714.40
2008-12-08,2784.00
2008-12-10,2928.25
2008-12-11,2920.15
2008-12-12,2921.35
2008-12-15,2981.20
2008-12-16,3041.75
2008-12-17,2954.35
2008-12-18,3060.75
2008-12-19,3077.50
2008-12-22,3039.30
2008-12-23,2968.65
2008-12-24,2916.85
2008-12-26,2857.25
2008-12-29,2922.20
2008-12-30,2979.50
2008-12-31,2959.15
2009-01-02,3046.75
2009-01-05,3121.45
2009-01-06,3112.80
2009-01-07,2920.40
2009-01-09,2873.00
2009-01-12,2773.10
2009-01-13,2744.95
2009-01-14,2835.30
2009-01-15,2736.70
2009-01-16,2828.45
2009-01-19,2846.20
2009-01-20,2796.60
2009-01-21,2706.15
2009-01-22,2713.80
2009-01-23,2678.55
2009-01-27,2771.35
2009-01-28,2849.50
2009-01-29,2823.95
2009-01-30,2874.80
2009-02-02,2766.65
2009-02-03,2783.90
2009-02-04,2803.05
2009-02-05,2780.05
2009-02-06,2843.10
2009-02-09,2919.90
2009-02-10,2934.50
2009-02-11,2925.70
2009-02-12,2893.05
2009-02-13,2948.35
2009-02-16,2848.50
2009-02-17,2770.50
2009-02-18,2776.15
2009-02-19,2789.35
2009-02-20,2736.45
2009-02-24,2733.90
2009-02-25,2762.50
2009-02-26,2785.65
2009-02-27,2763.65
2009-03-02,2674.60
2009-03-03,2622.40
2009-03-04,2645.20
2009-03-05,2576.70
2009-03-06,2620.15
2009-03-09,2573.15
2009-03-12,2617.45
2009-03-13,2719.25
2009-03-16,2777.25
2009-03-17,2757.45
2009-03-18,2794.70
2009-03-19,2807.15
2009-03-20,2807.05
2009-03-23,2939.90
2009-03-24,2938.70
2009-03-25,2984.35
2009-03-26,3082.25
2009-03-27,3108.65
2009-03-30,2978.15
2009-03-31,3020.95
2009-04-01,3060.35
2009-04-02,3211.05
2009-04-06,3256.60
2009-04-08,3342.95
2009-04-09,3342.05
2009-04-13,3382.60
2009-04-15,3484.15
2009-04-16,3369.50
2009-04-17,3384.40
2009-04-20,3377.10
2009-04-21,3365.30
2009-04-22,3330.30
2009-04-23,3423.70
2009-04-24,3480.75
2009-04-27,3470.00
2009-04-28,3362.35
2009-04-29,3473.95
2009-05-04,3654.00
2009-05-05,3661.90
2009-05-06,3625.05
2009-05-07,3683.90
2009-05-08,3620.70
2009-05-11,3554.60
2009-05-12,3681.10
2009-05-13,3635.25
2009-05-14,3593.45
2009-05-15,3671.65
2009-05-18,4323.15
2009-05-19,4318.45
2009-05-20,4270.30
2009-05-21,4210.90
2009-05-22,4238.50
2009-05-25,4237.55
2009-05-26,4116.70
2009-05-27,4276.05
2009-05-28,4337.10
2009-05-29,4448.95
2009-06-01,4529.90
2009-06-02,4525.25
2009-06-03,4530.70
2009-06-04,4572.65
2009-06-05,4586.90
2009-06-08,4429.90
2009-06-09,4550.95
2009-06-10,4655.25
2009-06-11,4637.70
2009-06-12,4583.40
2009-06-15,4484.00
2009-06-16,4517.80
2009-06-17,4356.15
2009-06-18,4251.40
2009-06-19,4313.60
2009-06-22,4235.25
2009-06-23,4247.00
2009-06-24,4292.95
2009-06-25,4241.85
2009-06-26,4375.50
2009-06-29,4390.95
2009-06-30,4291.10
2009-07-01,4340.90
2009-07-02,4348.85
2009-07-03,4424.25
2009-07-06,4165.70
2009-07-07,4202.15
2009-07-08,4078.90
2009-07-09,4080.95
2009-07-10,4003.90
2009-07-13,3974.05
2009-07-14,4111.40
2009-07-15,4233.50
2009-07-16,4231.40
2009-07-17,4374.95
2009-07-20,4502.25
2009-07-21,4469.10
2009-07-22,4398.90
2009-07-23,4523.75
2009-07-24,4568.55
2009-07-27,4572.30
2009-07-28,4564.10
2009-07-29,4513.50
2009-07-30,4571.45
2009-07-31,4636.45
2009-08-03,4711.40
2009-08-04,4680.50
2009-08-05,4694.15
2009-08-06,4585.50
2009-08-07,4481.40
2009-08-10,4437.65
2009-08-11,4471.35
2009-08-12,4457.50
2009-08-13,4605.00
2009-08-14,4580.05
2009-08-17,4387.90
2009-08-18,4458.90
2009-08-19,4394.10
2009-08-20,4453.45
2009-08-21,4528.80
2009-08-24,4642.80
2009-08-25,4659.35
2009-08-26,4680.85
2009-08-27,4688.20
2009-08-28,4732.35
2009-08-31,4662.10
2009-09-01,4625.35
2009-09-02,4608.35
2009-09-03,4593.55
2009-09-04,4680.40
2009-09-07,4782.90
2009-09-08,4805.25
2009-09-09,4814.25
2009-09-10,4819.40
2009-09-11,4829.55
2009-09-14,4808.60
2009-09-15,4892.10
2009-09-16,4958.40
2009-09-17,4965.55
2009-09-18,4976.05
2009-09-22,5020.20
2009-09-23,4969.95
2009-09-24,4986.55
2009-09-25,4958.95
2009-09-29,5006.85
2009-09-30,5083.95
2009-10-01,5083.40
2009-10-05,5003.20
2009-10-06,5027.40
2009-10-07,4985.75
2009-10-08,5002.25
2009-10-09,4945.20
2009-10-12,5054.25
2009-10-14,5118.20
2009-10-15,5108.85
2009-10-16,5142.15
2009-10-20,5114.45
2009-10-21,5063.60
2009-10-22,4988.60
2009-10-23,4997.05
2009-10-26,4970.90
2009-10-27,4846.70
2009-10-28,4826.15
2009-10-29,4750.55
2009-10-30,4711.70
2009-11-03,4563.90
2009-11-04,4710.80
2009-11-05,4765.55
2009-11-06,4796.15
2009-11-09,4898.40
2009-11-10,4881.70
2009-11-11,5003.95
2009-11-12,4952.65
2009-11-13,4998.95
2009-11-16,5058.05
2009-11-17,5062.25
2009-11-18,5054.70
2009-11-19,4989.00
2009-11-20,5052.45
2009-11-23,5103.55
2009-11-24,5090.55
2009-11-25,5108.15
2009-11-26,5005.55
2009-11-27,4941.75
2009-11-30,5032.70
2009-12-01,5122.00
2009-12-02,5123.25
2009-12-03,5131.70
2009-12-04,5108.90
2009-12-07,5066.70
2009-12-08,5147.95
2009-12-09,5112.00
2009-12-10,5134.65
2009-12-11,5117.30
2009-12-14,5105.70
2009-12-15,5033.05
2009-12-16,5042.05
2009-12-17,5041.75
2009-12-18,4987.70
2009-12-21,4952.60
2009-12-22,4985.85
2009-12-23,5144.60
2009-12-24,5178.40
2009-12-29,5187.95
2009-12-30,5169.45
2009-12-31,5201.05
2010-01-04,5232.20
2010-01-05,5277.90
2010-01-06,5281.80
2010-01-07,5263.10
2010-01-08,5244.75
2010-01-11,5249.40
2010-01-12,5210.40
2010-01-13,5233.95
2010-01-14,5259.90
2010-01-15,5252.20
2010-01-18,5274.85
2010-01-19,5225.65
2010-01-20,5221.70
2010-01-21,5094.15
2010-01-22,5036.00
2010-01-25,5007.90
2010-01-27,4853.10
2010-01-28,4867.25
2010-01-29,4882.05
2010-02-01,4899.70
2010-02-02,4830.10
2010-02-03,4931.85
2010-02-04,4845.35
2010-02-05,4718.65
2010-02-08,4760.40
2010-02-09,4792.65
2010-02-10,4757.20
2010-02-11,4826.85
2010-02-15,4801.95
2010-02-16,4855.75
2010-02-17,4914.00
2010-02-18,4887.75
2010-02-19,4844.90
2010-02-22,4856.40
2010-02-23,4870.05
2010-02-24,4858.60
2010-02-25,4859.75
2010-02-26,4922.30
2010-03-02,5017.00
2010-03-03,5088.10
2010-03-04,5080.25
2010-03-05,5088.70
2010-03-08,5124.00
2010-03-09,5101.50
2010-03-10,5116.25
2010-03-11,5133.40
2010-03-12,5137.00
2010-03-15,5128.90
2010-03-16,5198.10
2010-03-17,5231.90
2010-03-18,5245.90
2010-03-19,5262.80
2010-03-22,5205.20
2010-03-23,5225.30
2010-03-25,5260.40
2010-03-26,5282.00
2010-03-29,5302.85
2010-03-30,5262.45
2010-03-31,5249.10
2010-04-01,5290.50
2010-04-05,5368.40
2010-04-06,5366.00
2010-04-07,5374.65
2010-04-08,5304.45
2010-04-09,5361.75
2010-04-12,5339.70
2010-04-13,5322.95
2010-04-15,5273.60
2010-04-16,5262.60
2010-04-19,5203.65
2010-04-20,5230.10
2010-04-21,5244.90
2010-04-22,5269.35
2010-04-23,5304.10
2010-04-26,5322.45
2010-04-27,5308.35
2010-04-28,5215.45
2010-04-29,5254.15
2010-04-30,5278.00
2010-05-03,5222.75
2010-05-04,5148.50
2010-05-05,5124.90
2010-05-06,5090.85
2010-05-07,5018.05
2010-05-10,5193.60
2010-05-11,5136.15
2010-05-12,5156.65
2010-05-13,5178.90
2010-05-14,5093.50
2010-05-17,5059.90
2010-05-18,5066.20
2010-05-19,4919.65
2010-05-20,4947.60
2010-05-21,4931.15
2010-05-24,4943.95
2010-05-25,4806.75
2010-05-26,4917.40
2010-05-27,5003.10
2010-05-28,5066.55
2010-05-31,5086.30
2010-06-01,4970.20
2010-06-02,5019.85
2010-06-03,5110.50
2010-06-04,5135.50
2010-06-07,5034.00
2010-06-08,4987.10
2010-06-09,5000.30
2010-06-10,5078.60
2010-06-11,5119.35
2010-06-14,5197.70
2010-06-15,5222.35
2010-06-16,5233.35
2010-06-17,5274.85
2010-06-18,5262.60
2010-06-21,5353.30
2010-06-22,5316.55
2010-06-23,5323.15
2010-06-24,5320.60
2010-06-25,5269.05
2010-06-28,5333.50
2010-06-29,5256.15
2010-06-30,5312.50
2010-07-01,5251.40
2010-07-02,5237.10
2010-07-05,5235.90
2010-07-06,5289.05
2010-07-07,5241.10
2010-07-08,5296.85
2010-07-09,5352.45
2010-07-12,5383.00
2010-07-13,5400.65
2010-07-14,5386.15
2010-07-15,5378.75
2010-07-16,5393.90
2010-07-19,5386.45
2010-07-20,5368.00
2010-07-21,5399.35
2010-07-22,5441.95
2010-07-23,5449.10
2010-07-26,5418.60
2010-07-27,5430.60
2010-07-28,5397.55
2010-07-29,5408.90
2010-07-30,5367.60
2010-08-02,5431.65
2010-08-03,5439.55
2010-08-04,5467.85
2010-08-05,5447.10
2010-08-06,5439.25
2010-08-09,5486.15
2010-08-10,5460.70
2010-08-11,5420.60
2010-08-12,5416.45
2010-08-13,5452.10
2010-08-16,5418.30
2010-08-17,5414.15
2010-08-18,5479.15
2010-08-19,5540.20
2010-08-20,5530.65
2010-08-23,5543.50
2010-08-24,5505.10
2010-08-25,5462.35
2010-08-26,5477.90
2010-08-27,5408.70
2010-08-30,5415.45
2010-08-31,5402.40
2010-09-01,5471.85
2010-09-02,5486.15
2010-09-03,5479.40
2010-09-06,5576.95
2010-09-07,5604.00
2010-09-08,5607.85
2010-09-09,5640.05
2010-09-13,5760.00
2010-09-14,5795.55
2010-09-15,5860.95
2010-09-16,5828.70
2010-09-17,5884.95
2010-09-20,5980.45
2010-09-21,6009.05
2010-09-22,5991.00
2010-09-23,5959.55
2010-09-24,6018.30
2010-09-27,6035.65
2010-09-28,6029.50
2010-09-29,5991.30
2010-09-30,6029.95
2010-10-01,6143.40
2010-10-04,6159.45
2010-10-05,6145.80
2010-10-06,6186.45
2010-10-07,6120.30
2010-10-08,6103.45
2010-10-11,6135.85
2010-10-12,6090.90
2010-10-13,6233.90
2010-10-14,6177.35
2010-10-15,6062.65
2010-10-18,6075.95
2010-10-19,6027.30
2010-10-20,5982.10
2010-10-21,6101.50
2010-10-22,6066.05
2010-10-25,6105.80
2010-10-26,6082.00
2010-10-27,6012.65
2010-10-28,5987.70
2010-10-29,6017.70
2010-11-01,6117.55
2010-11-02,6119.00
2010-11-03,6160.50
2010-11-04,6281.80
2010-11-08,6273.20
2010-11-09,6301.55
2010-11-10,6275.70
2010-11-11,6194.25
2010-11-12,6071.65
2010-11-15,6121.60
2010-11-16,5988.70
2010-11-18,5998.80
2010-11-19,5890.30
2010-11-22,6010.00
2010-11-23,5934.75
2010-11-24,5865.75
2010-11-25,5799.75
2010-11-26,5751.95
2010-11-29,5830.00
2010-11-30,5862.70
2010-12-01,5960.90
2010-12-02,6011.70
2010-12-03,5992.80
2010-12-06,5992.25
2010-12-07,5976.55
2010-12-08,5903.70
2010-12-09,5766.50
2010-12-10,5857.35
2010-12-13,5907.65
2010-12-14,5944.10
2010-12-15,5892.30
2010-12-16,5948.75
2010-12-20,5947.05
2010-12-21,6000.65
2010-12-22,5984.40
2010-12-23,5980.00
2010-12-24,6011.60
2010-12-27,5998.10
2010-12-28,5996.00
2010-12-29,6060.35
2010-12-30,6101.85
2010-12-31,6134.50
2011-01-03,6157.60
2011-01-04,6146.35
2011-01-05,6079.80
2011-01-06,6048.25
2011-01-07,5904.60
2011-01-10,5762.85
2011-01-11,5754.10
2011-01-12,5863.25
2011-01-13,5751.90
2011-01-14,5654.55
2011-01-17,5654.75
2011-01-18,5724.05
2011-01-19,5691.05
2011-01-20,5711.60
2011-01-21,5696.50
2011-01-24,5743.25
2011-01-25,5687.40
2011-01-27,5604.30
2011-01-28,5512.15
2011-01-31,5505.90
2016-10-03,8738.10
2016-10-04,8769.15
2016-10-05,8743.95
2016-10-06,8709.55
2016-10-07,8697.60
2016-10-10,8708.80
2016-10-13,8573.35
2016-10-14,8583.40
2016-10-17,8520.40
2016-10-18,8677.90
2016-10-19,8659.10
2016-10-20,8699.40
2016-10-21,8693.05
2016-10-24,8708.95
2016-10-25,8691.30
2016-10-26,8615.25
2016-10-27,8615.25
2016-10-28,8638.00
2016-11-01,8626.25
2016-11-02,8514.00
2016-11-03,8484.95
2016-11-04,8433.75
2016-11-07,8497.05
2016-11-08,8543.55
2016-11-09,8432.00
2016-11-10,8525.75
2016-11-11,8296.30
2016-11-15,8108.45
2016-11-16,8111.60
2016-11-17,8079.95
2016-11-18,8074.10
2016-11-21,7929.10
2016-11-22,8002.30
2016-11-23,8033.30
2016-11-24,7965.50
2016-11-25,8114.30
2016-11-28,8126.90
2016-11-29,8142.15
2016-11-30,8224.50
2016-12-01,8192.90
2016-12-02,8086.80
2016-12-05,8128.75
2016-12-06,8143.15
2016-12-07,8102.05
2016-12-08,8246.85
2016-12-09,8261.75
2016-12-12,8170.80
2016-12-13,8221.80
2016-12-14,8182.45
2016-12-15,8153.60
2016-12-16,8139.45
2016-12-19,8104.35
2016-12-20,8082.40
2016-12-21,8061.30
2016-12-22,7979.10
2016-12-23,7985.75
2016-12-26,7908.25
2016-12-27,8032.85
2016-12-28,8034.85
2016-12-29,8103.60
2016-12-30,8185.80
2017-01-02,8179.50
2017-01-03,8192.25
2017-01-04,8190.50
2017-01-05,8273.80
2017-01-06,8243.80
2017-01-09,8236.05
2017-01-10,8288.60
2017-01-11,8380.65
2017-01-12,8407.20
2017-01-13,8400.35
2017-01-16,8412.80
2017-01-17,8398.00
2017-01-18,8417.00
2017-01-19,8435.10
2017-01-20,8349.35
2017-01-23,8391.50
2017-01-24,8475.80
2017-01-25,8602.75
2017-01-27,8641.25
2017-01-30,8632.75
2017-01-31,8561.30
2017-02-01,8716.40
2017-02-02,8734.25
2017-02-03,8740.95
2017-02-06,8801.05
2017-02-07,8768.30
2017-02-08,8769.05
2017-02-09,8778.40
2017-02-10,8793.55
2017-02-13,8805.05
2017-02-14,8792.30
2017-02-15,8724.70
2017-02-16,8778.00
2017-02-17,8821.70
2017-02-20,8879.20
2017-02-21,8907.85
2017-02-22,8926.90
2017-02-23,8939.50
2017-02-27,8896.70
2017-02-28,8879.60
2017-03-01,8945.80
2017-03-02,8899.75
2017-03-03,8897.55
2017-03-06,8963.45
2017-03-07,8946.90
2017-03-08,8924.30
2017-03-09,8927.00
2017-03-10,8934.55
2017-03-14,9087.00
2017-03-15,9084.80
2017-03-16,9153.70
2017-03-17,9160.05
2017-03-20,9126.85
2017-03-21,9121.50
2017-03-22,9030.45
2017-03-23,9086.30
2017-03-24,9108.00
2017-03-27,9045.20
2017-03-28,9100.80
2017-03-29,9143.80
2017-03-30,9173.75
2017-03-31,9173.75
2017-04-03,9237.85
2017-04-05,9265.15
2017-04-06,9261.95
2017-04-07,9198.30
2017-04-10,9181.45
2017-04-11,9237.00
2017-04-12,9203.45
2017-04-13,9150.80
2017-04-17,9139.30
2017-04-18,9105.15
2017-04-19,9103.50
2017-04-20,9136.40
2017-04-21,9119.40
2017-04-24,9217.95
2017-04-25,9306.60
2017-04-26,9351.85
2017-04-27,9342.15
2017-04-28,9304.05
2017-05-02,9313.80
2017-05-03,9311.95
2017-05-04,9359.90
2017-05-05,9285.30
2017-05-08,9314.05
2017-05-09,9316.85
2017-05-10,9407.30
2017-05-11,9422.40
2017-05-12,9400.90
2017-05-15,9445.40
2017-05-16,9512.25
2017-05-17,9525.75
2017-05-18,9429.45
2017-05-19,9427.90
2017-05-22,9438.25
2017-05-23,9386.15
2017-05-24,9360.55
2017-05-25,9509.75
2017-05-26,9595.10
2017-05-29,9604.90
2017-05-30,9624.55
2017-05-31,9621.25
2017-06-01,9616.10
2017-06-02,9653.50
2017-06-05,9675.10
2017-06-06,9637.15
2017-06-07,9663.90
2017-06-08,9647.25
2017-06-09,9668.25
2017-06-12,9616.40
2017-06-13,9606.90
2017-06-14,9618.15
2017-06-15,9578.05
2017-06-16,9588.05
2017-06-19,9657.55
2017-06-20,9653.50
2017-06-21,9633.60
2017-06-22,9630.00
2017-06-23,9574.95
2017-06-27,9511.40
2017-06-28,9491.25
2017-06-29,9504.10
2017-06-30,9520.90
2017-07-03,9615.00
2017-07-04,9613.30
2017-07-05,9637.60
2017-07-06,9674.55
2017-07-07,9665.80
2017-07-10,9771.05
2017-07-11,9786.05
2017-07-12,9816.10
2017-07-13,9891.70
2017-07-14,9886.35
2017-07-17,9915.95
2017-07-18,9827.15
2017-07-19,9899.60
2017-07-20,9873.30
2017-07-21,9915.25
2017-07-24,9966.40
2017-07-25,9964.55
2017-07-26,10020.65
2017-07-27,10020.55
2017-07-28,10014.50
2017-07-31,10077.10
2017-08-01,10114.65
2017-08-02,10081.50
2017-08-03,10013.65
2017-08-04,10066.40
2017-08-07,10057.40
2017-08-08,9978.55
2017-08-09,9908.05
2017-08-10,9820.25
2017-08-11,9710.80
2017-08-14,9794.15
2017-08-16,9897.30
2017-08-17,9904.15
2017-08-18,9837.40
2017-08-21,9754.35
2017-08-22,9765.55
2017-08-23,9852.50
2017-08-24,9857.05
2017-08-28,9912.80
2017-08-29,9796.05
2017-08-30,9884.40
2017-08-31,9917.90
2017-09-01,9974.40
2017-09-04,9912.85
2017-09-05,9952.20
2017-09-06,9916.20
2017-09-07,9929.90
2017-09-08,9934.80
2017-09-11,10006.05
2017-09-12,10093.05
2017-09-13,10079.30
2017-09-14,10086.60
2017-09-15,10085.40
2017-09-18,10153.10
2017-09-19,10147.55
2017-09-20,10141.15
2017-09-21,10121.90
2017-09-22,9964.40
2017-09-25,9872.60
2017-09-26,9871.50
2017-09-27,9735.75
2017-09-28,9768.95
2017-09-29,9788.60
2017-10-03,9859.50
2017-10-04,9914.90
2017-10-05,9888.70
2017-10-06,9979.70
2017-10-09,9988.75
2017-10-10,10016.95
2017-10-11,9984.80
2017-10-12,10096.40
2017-10-13,10167.45
2017-10-16,10230.85
2017-10-17,10234.45
2017-10-18,10210.85
2017-10-19,10146.55
2017-10-23,10184.85
2017-10-24,10207.70
2017-10-25,10295.35
2017-10-26,10343.80
2017-10-27,10323.05
2017-10-30,10363.65
2017-10-31,10335.30
2017-11-01,10440.50
2017-11-02,10423.80
2017-11-03,10452.50
2017-11-06,10451.80
2017-11-07,10350.15
2017-11-08,10303.15
2017-11-09,10308.95
2017-11-10,10321.75
2017-11-13,10224.95
2017-11-14,10186.60
2017-11-15,10118.05
2017-11-16,10214.75
2017-11-17,10283.60
2017-11-20,10298.75
2017-11-21,10326.90
2017-11-22,10342.30
2017-11-23,10348.75
2017-11-24,10389.70
2017-11-27,10399.55
2017-11-28,10370.25
2017-11-29,10361.30
2017-11-30,10226.55
2017-12-01,10121.80
2017-12-04,10127.75
2017-12-05,10118.25
2017-12-06,10044.10
2017-12-07,10166.70
2017-12-08,10265.65
2017-12-11,10322.25
2017-12-12,10240.15
2017-12-13,10192.95
2017-12-14,10252.10
2017-12-15,10333.25
2017-12-18,10388.75
2017-12-19,10463.20
2017-12-20,10444.20
2017-12-21,10440.30
2017-12-22,10493.00
2017-12-26,10531.50
2017-12-27,10490.75
2017-12-28,10477.90
2017-12-29,10530.70
2020-01-15,12343.30
2020-01-16,12355.50
2020-01-17,12352.35
2020-01-20,12224.55
2020-01-21,12169.85
2020-01-22,12106.90
2020-01-23,12180.35
2020-01-24,12248.25
2020-01-27,12119.00
2020-01-28,12055.80
2020-01-29,12129.50
2020-01-30,12035.80
2020-01-31,11962.10
2020-02-03,11707.90
2020-02-04,11979.65
2020-02-05,12089.15
2020-02-06,12137.95
2020-02-07,12098.35
2020-02-10,12031.50
2020-02-11,12107.90
2020-02-12,12201.20
2020-02-13,12174.65
2020-02-14,12113.45
2020-02-17,12045.80
2020-02-18,11992.50
2020-02-19,12125.90
2020-02-20,12080.85
2020-02-24,11829.40
2020-02-25,11797.90
2020-02-26,11678.50
2020-02-27,11633.30
2020-02-28,11201.75
2020-03-02,11132.75
2020-03-03,11303.30
2020-03-04,11251.00
2020-03-05,11269.00
2020-03-06,10989.45
2020-03-09,10451.45
2020-03-11,10458.40
2020-03-12,9590.15
2020-03-13,9955.20
2020-03-16,9197.40
2020-03-17,8967.05
2020-03-18,8468.80
2020-03-19,8263.45
2020-03-20,8745.45
2020-03-23,7610.25
2020-03-24,7801.05
2020-03-25,8317.85
2020-03-26,8641.45
2020-03-27,8660.25
2020-03-30,8281.10
2020-03-31,8597.75
2020-04-01,8253.80
2020-04-03,8083.80
2020-04-07,8792.20
2020-04-08,8748.75
2020-04-09,9111.90
2020-04-13,8993.85
2020-04-15,8925.30
2020-04-16,8992.80
2020-04-17,9266.75
2020-04-20,9261.85
2020-04-21,8981.45
2020-04-22,9187.30
2020-04-23,9313.90
2020-04-24,9154.40
2020-04-27,9282.30
2020-04-28,9380.90
2020-04-29,9553.35
2020-04-30,9859.90
2020-05-04,9293.50
2020-05-05,9205.60
2020-05-06,9270.90
2020-05-07,9199.05
2020-05-08,9251.50
2020-05-11,9239.20
2020-05-12,9196.55
2020-05-13,9383.55
2020-05-14,9142.75
2020-05-15,9136.85
2020-05-18,8823.25
2020-05-19,8879.10
2020-05-20,9066.55
2020-05-21,9106.25
2020-05-22,9039.25
2020-05-26,9029.05
2020-05-27,9314.95
2020-05-28,9490.10
2020-05-29,9580.30
2020-06-01,9826.15
2020-06-02,9979.10
2020-06-03,10061.55
2020-06-04,10029.10
2020-06-05,10142.15
2020-06-08,10167.45
2020-06-09,10046.65
2020-06-10,10116.15
2020-06-11,9902.00
2020-06-12,9972.90
2020-06-15,9813.70
2020-06-16,9914.00
2020-06-17,9881.15
2020-06-18,10091.65
2020-06-19,10244.40
2020-06-22,10311.20
2020-06-23,10471.00
2020-06-24,10305.30
2020-06-25,10288.90
2020-06-26,10383.00
2020-06-29,10312.40
2020-06-30,10302.10
2020-07-01,10430.05
2020-07-02,10551.70
2020-07-03,10607.35
2020-07-06,10763.65
2020-07-07,10799.65
2020-07-08,10705.75
2020-07-09,10813.45
2020-07-10,10768.05
2020-07-13,10802.70
2020-07-14,10607.35
2020-07-15,10618.20
2020-07-16,10739.95
2020-07-17,10901.70
2020-07-20,11022.20
2020-07-21,11162.25
2020-07-22,11132.60
2020-07-23,11215.45
2020-07-24,11194.15
2020-07-27,11131.80
2020-07-28,11300.55
2020-07-29,11202.85
2020-07-30,11102.15
2020-07-31,11073.45
2020-08-03,10891.60
2020-08-04,11095.25
2020-08-05,11101.65
2020-08-06,11200.15
2020-08-07,11214.05
2020-08-10,11270.15
2020-08-11,11322.50
2020-08-12,11308.40
2020-08-13,11300.45
2020-08-14,11178.40
2020-08-17,11247.10
2020-08-18,11385.35
2020-08-19,11408.40
2020-08-20,11312.20
2020-08-21,11371.60
2020-08-24,11466.45
2020-08-25,11472.25
2020-08-26,11549.60
2020-08-27,11559.25
2020-08-28,11647.60
2020-08-31,11387.50
2020-09-01,11470.25
2020-09-02,11535.00
2020-09-03,11527.45
2020-09-04,11333.85
2020-09-07,11355.05
2020-09-08,11317.35
2020-09-09,11278.00
2020-09-10,11449.25
2020-09-11,11464.45
2020-09-14,11440.05
2020-09-15,11521.80
2020-09-16,11604.55
2020-09-17,11516.10
2020-09-18,11504.95
2020-09-21,11250.55
2020-09-22,11153.65
2020-09-23,11131.85
2020-09-24,10805.55
2020-09-25,11050.25
2020-09-28,11227.55
2020-09-29,11222.40
2020-09-30,11247.55
2020-10-01,11416.95
2020-10-05,11503.35
2020-10-06,11662.40
2020-10-07,11738.85
2020-10-08,11834.60
2020-10-09,11914.20
2020-10-12,11930.95
2020-10-13,11934.50
2020-10-14,11971.05
2020-10-15,11680.35
2020-10-16,11762.45
2020-10-19,11873.05
2020-10-20,11896.80
2020-10-21,11937.65
2020-10-22,11896.45
2020-10-23,11930.35
2020-10-26,11767.75
2020-10-27,11889.40
2020-10-28,11729.60
2020-10-29,11670.80
2020-10-30,11642.40
2020-11-02,11669.15
2020-11-03,11813.50
2020-11-04,11908.50
2020-11-05,12120.30
2020-11-06,12263.55
2020-11-09,12461.05
2020-11-10,12631.10
2020-11-11,12749.15
2020-11-12,12690.80
2020-11-13,12719.95
2020-11-17,12874.20
2020-11-18,12938.25
2020-11-19,12771.70
2020-11-20,12859.05
2020-11-23,12926.45
2020-11-24,13055.15
2020-11-25,12858.40
2020-11-26,12987.00
2020-11-27,12968.95
2020-12-01,13109.05
2020-12-02,13113.75
2020-12-03,13133.90
2020-12-04,13258.55
2020-12-07,13355.75
2020-12-08,13392.95
2020-12-09,13529.10
2020-12-10,13478.30
2020-12-11,13513.85
2020-12-14,13558.15
2020-12-15,13567.85
2020-12-16,13682.70
2020-12-17,13740.70
2020-12-18,13760.55
2020-12-21,13328.40
2020-12-22,13466.30
2020-12-23,13601.10
2020-12-24,13749.25
2020-12-28,13873.20
2020-12-29,13932.60
2020-12-30,13981.95
2020-12-31,13981.75
2021-01-01,14018.50
2021-01-04,14132.90
2021-01-05,14199.50
2021-01-06,14146.25
2021-01-07,14137.35
2021-01-08,14347.25
2021-01-11,14484.75
2021-01-12,14563.45
2021-01-13,14564.85
2021-01-14,14595.60
2021-01-15,14433.70
2021-01-18,14281.30
2021-01-19,14521.15
2021-01-20,14644.70
2021-01-21,14590.35
2021-01-22,14371.90
2021-01-25,14238.90
2021-01-27,13967.50
2021-01-28,13817.55
2021-01-29,13634.60
